{
    "AjaxSessionKey": {
        "value": "d2f27daa2c017ac7f17ccaa9d85a768c",
        "expires": 1709843023,
        "path": "\/",
        "domain": ".microsoft365.com"
    },
    "MSFPC": {
        "value": "29710776268eb991d860fbdb13b9a575",
        "expires": 1709843023,
        "path": "\/",
        "domain": ".microsoft365.com"
    },
    "MicrosoftApplicationsTelemetryDeviceId": {
        "value": "b8cfe4b4ba83cc7a3d21a321a24dda65",
        "expires": 1709843023,
        "path": "\/",
        "domain": ".microsoft365.com"
    },
    "OhpAuth": {
        "value": "b0ee737d1c3aa8c3214c0ce1b63f7b54",
        "expires": 1709843023,
        "path": "\/",
        "domain": ".microsoft365.com"
    },
    "OhpToken": {
        "value": "ebb9dfcda048d64fd53d6ae32ae46f1e",
        "expires": 1709843023,
        "path": "\/",
        "domain": ".microsoft365.com"
    },
    "PersonalizationCookie": {
        "value": "6c30df19a2eae1bab4dca199256b3ff0",
        "expires": 1709843023,
        "path": "\/",
        "domain": ".microsoft365.com"
    },
    "UserIndex": {
        "value": "d0014e47c250876377667deb719fe6c6",
        "expires": 1709843023,
        "path": "\/",
        "domain": ".microsoft365.com"
    },
    "userid": {
        "value": "601cd273e7eb62ea74891e135e41c56e",
        "expires": 1709843023,
        "path": "\/",
        "domain": ".microsoft365.com"
    },
    "Imported_MUID": {
        "value": "499038f17adbc7418bea98bf8b85ffa1",
        "expires": 1709843023,
        "path": "\/",
        "domain": ".microsoft.com"
    },
    "MC1": {
        "value": "62bbcaeba444affe4b449b17b8313d57",
        "expires": 1709843023,
        "path": "\/",
        "domain": ".microsoft.com"
    },
    "MUID": {
        "value": "38573035599032f254631f931df2cd91",
        "expires": 1709843023,
        "path": "\/",
        "domain": ".microsoft.com"
    },
    "_clck": {
        "value": "ddb98a776a9a6f1a17952179c67af915",
        "expires": 1709843023,
        "path": "\/",
        "domain": ".microsoft.com"
    },
    "_fbp": {
        "value": "0f4ca7addb39d9490853a3605ecf249a",
        "expires": 1709843023,
        "path": "\/",
        "domain": ".microsoft.com"
    },
    "_uetvid": {
        "value": "725ca42866b80707b8cc6082f525849a",
        "expires": 1709843023,
        "path": "\/",
        "domain": ".microsoft.com"
    },
    "at_check": {
        "value": "5b6c0dc30ab171c46d367013dac5c509",
        "expires": 1709843023,
        "path": "\/",
        "domain": ".microsoft.com"
    },
    "fptctx2": {
        "value": "8f3507ffc2a346de024f49770fe1e0ee",
        "expires": 1709843023,
        "path": "\/",
        "domain": ".microsoft.com"
    },
    "mbox": {
        "value": "07bdbabd54d96ae6095ec76182aabfcb",
        "expires": 1709843023,
        "path": "\/",
        "domain": ".microsoft.com"
    }
}